{"cameraMode":{"drawMode":0,"name":"Shaded","section":"Shading Mode"},"sceneLighting":true,"audioPlay":false,"sceneViewState":{"showFog":true,"showMaterialUpdate":false,"showSkybox":true,"showFlares":true,"showImageEffects":true,"showParticleSystems":true,"showVisualEffectGraphs":true,"m_FxEnabled":true},"in2DMode":false,"pivot":{"x":-0.38565656542778017,"y":1.308370590209961,"z":-2.12983775138855},"rotation":{"x":-0.006110741291195154,"y":-0.9858238101005554,"z":0.16416938602924348,"w":-0.037599775940179828},"size":8.637871742248536,"orthographic":false}